Primer Name,Sequence
Patent_KASP_10_A1,GAAGGTGACCAAGTTCATGCTGGGTTCTTGAAGCAGCCTGAC
Patent_KASP_10_A2,GAAGGTCGGAGTCAACGGATTGGGGTTCTTGAAGCAGCCTGAT
Patent_KASP_10_C,GGATCTCCTGCATCATGTTGACGAA
Patent_KASP_11_A1,GAAGGTGACCAAGTTCATGCTCAGTATTTGCTTACATATATCTCCAGTCA
Patent_KASP_11_A2,GAAGGTCGGAGTCAACGGATTGTATTTGCTTACATATATCTCCAGTCC
Patent_KASP_11_C,CCGAAACGCTTTGGGAGACGATAAA
Patent_KASP_12_A1,GAAGGTGACCAAGTTCATGCTAAGGTGTACTATTGCAAAGAAGACGAA
Patent_KASP_12_A2,GAAGGTCGGAGTCAACGGATTGGTGTACTATTGCAAAGAAGACGAG
Patent_KASP_12_C,TCAAACTGAACAGACTGGTACAAGCAAA
Patent_KASP_13_A1,GAAGGTGACCAAGTTCATGCTAGTAGCTCAAACCGCAATCATACCA
Patent_KASP_13_A2,GAAGGTCGGAGTCAACGGATTAGCTCAAACCGCAATCATACCG
Patent_KASP_13_C,TTCCGAGACCGAGAATGTCTTGCAT
Patent_KASP_14_A1,GAAGGTGACCAAGTTCATGCTAGAGAAAACGCAGAGGAGGCTTTA
Patent_KASP_14_A2,GAAGGTCGGAGTCAACGGATTGAGAAAACGCAGAGGAGGCTTTG
Patent_KASP_14_C,GCGAACGGTTTGTTTTCCAATTACAGAA
Patent_KASP_15_A1,GAAGGTGACCAAGTTCATGCTCAAGATCTTGGGTGTGCCCACAA
Patent_KASP_15_A2,GAAGGTCGGAGTCAACGGATTCAAGATCTTGGGTGTGCCCACAT
Patent_KASP_15_C,CTCCAGCAAGTGCATCTTCAATAACAATA
Patent_KASP_16_A1,GAAGGTGACCAAGTTCATGCTGTAGCTGGAGTTCTTTTCATC
Patent_KASP_16_A2,GAAGGTCGGAGTCAACGGATTGGCTGTAGCTGGAGTTCTTTTCATT
Patent_KASP_16_C,CCCTTGAGCTTATCTAAATCTTCGTTCTT
Patent_KASP_17_A1,GAAGGTGACCAAGTTCATGCTTTATTGCCATTGCCATTATCCTTGGA
Patent_KASP_17_A2,GAAGGTCGGAGTCAACGGATTATTGCCATTGCCATTATCCTTGGG
Patent_KASP_17_C,GTGACAGCAATGATCTTGACAAGATTGTA
Patent_KASP_18_A1,GAAGGTGACCAAGTTCATGCTGCGCTAGTGACGTGAAGAAGAAA
Patent_KASP_18_A2,GAAGGTCGGAGTCAACGGATTGCGCTAGTGACGTGAAGAAGAAG
Patent_KASP_18_C,GCTTCTTATACCCAAACCTCTCAATCAAA
Patent_KASP_19_A1,GAAGGTGACCAAGTTCATGCTCAAGTAGACCCAATAGTAGCGTCA
Patent_KASP_19_A2,GAAGGTCGGAGTCAACGGATTAAGTAGACCCAATAGTAGCGTCC
Patent_KASP_19_C,ACCATCAACGCTGAGATCACACCAA
Patent_KASP_20_A1,GAAGGTGACCAAGTTCATGCTAGTACAAAGCTGAGTCAAGCA
Patent_KASP_20_A2,GAAGGTCGGAGTCAACGGATTCTAGTACAAAGCTGAGTCAAGCG
Patent_KASP_20_C,CAGGAAGTGGATACTTGCGCTTGAT
Patent_KASP_21_A1,GAAGGTGACCAAGTTCATGCTGGTACGGTTCCGGAGGTGGA
Patent_KASP_21_A2,GAAGGTCGGAGTCAACGGATTGTACGGTTCCGGAGGTGGC
Patent_KASP_21_C,CGACCATTTCCGCTTCCATAACCAT
Patent_KASP_4_A1,GAAGGTGACCAAGTTCATGCTGAACGCACAGGTTTGCCACTGAA
Patent_KASP_4_A2,GAAGGTCGGAGTCAACGGATTAACGCACAGGTTTGCCACTGAG
Patent_KASP_4_C,AGATGCAATTGTCACTCTTTCTCCTTCTT
Patent_KASP_5_A1,GAAGGTGACCAAGTTCATGCTCGAAGATTCAATGATTCAAGTGACAC
Patent_KASP_5_A2,GAAGGTCGGAGTCAACGGATTCGAAGATTCAATGATTCAAGTGACAG
Patent_KASP_5_C,GGTGTTGCAGCTCTTGAAGTTGGAA
Patent_KASP_6_A1,GAAGGTGACCAAGTTCATGCTGGGAGAGAAAGGCGCAGGTA
Patent_KASP_6_A2,GAAGGTCGGAGTCAACGGATTGGGAGAGAAAGGCGCAGGTT
Patent_KASP_6_C,TTTTGTCAACCCCTGCTGTCGCTAA
Patent_KASP_7_A1,GAAGGTGACCAAGTTCATGCTCCATTGACACCAACGAACTCTTTAA
Patent_KASP_7_A2,GAAGGTCGGAGTCAACGGATTCCATTGACACCAACGAACTCTTTAC
Patent_KASP_7_C,GTCTTGTTCTCAAGACCATCCCACTT
Patent_KASP_8_A1,GAAGGTGACCAAGTTCATGCTCCACTGCACTTCCGGGTCATA
Patent_KASP_8_A2,GAAGGTCGGAGTCAACGGATTCCACTGCACTTCCGGGTCATC
Patent_KASP_8_C,GAAGAATGCGACGAGGCTGTGCAA
Patent_KASP_9_A1,GAAGGTGACCAAGTTCATGCTCGAAGGGCGTAGTAGACGTTCA
Patent_KASP_9_A2,GAAGGTCGGAGTCAACGGATTGAAGGGCGTAGTAGACGTTCG
Patent_KASP_9_C,CCTTGTTCCTCCTCACGCTCATAAT
